exam,year,chapter,position,stem,opt1,opt2,opt3,opt4,official_key,stem_wc,correct_wc,ratio,rank_of_correct,correct_strictly_longest,correct_strictly_shortest,parity_deficit,conn_stem,conn_correct,quant_stem,commas,proper_nouns,hard_stem,hard_list,is_quote,correct_max_overlap,overlap_correct,overlap_max,mech_R,prox_P,g_list,clause_count,notes
autumn2023,2023,1,9,"Bermuda, a group of islands in the Atlantic Ocean, is a popular resort.",Bermuda is one of several islands in the Atlantic Ocean visited by tourists.,Bermuda is the most popular of all Atlantic island resorts.,The islands of Bermuda offer a wide variety of attractions.,Many people like to vacation on the islands of Bermuda.,4,13,10,0.77,2,False,False,1.0,0,0,0,2,2,0,,False,False,2,4,"d1:R3R5,P2;d2:R1,P2;d3:R3R5,P2",,"1,3",1,
autumn2023,2023,1,10,"Reluctant to exploit the renown of his already successful brother George, Ira Gershwin began his lyric-writing career under the assumed name of Arthur Francis.",Ira Gershwin first wrote lyrics under the name Arthur Francis because he did not want to take advantage of his brother George's fame.,"Determined to make his own way as a lyric writer, Ira Gershwin affiliated himself with Arthur Francis rather than with his famous brother, George Gershwin.","In order to avoid being confused with his well-known brother George, Ira Gershwin took the name Arthur Francis when he first started his career as a lyric writer.",Ira Gershwin was so intimidated by his brother George's success as a lyric writer that he took the pen name Arthur Francis to avoid unfavorable comparisons.,1,24,23,0.96,4,False,True,3.3,0,1,1,1,5,2,successful;lyric-writing,False,False,6,7,"d2:R7R5,P2;d3:R3,P3;d4:R3R7,P2",,"1,3,6",3,
autumn2023,2023,1,11,"The ruins of Pompeii, a city wiped out by a volcanic eruption in 79 C.E., were not excavated until 1748.","In 1748, the remains of Pompeii – a city destroyed by a volcanic eruption in 79 C.E. – were finally unearthed.",Only in 1748 did it become known that the city of Pompeii had been devastated by a volcanic eruption in 79 C.E.,No serious attempts to study Pompeii – which was completely buried during a volcanic eruption in 79 C.E. – were made until 1748.,"The city of Pompeii, which was evacuated during a volcanic eruption in 79 C.E., was rediscovered in 1748.",1,20,21,1.05,3,False,False,4.0,1,0,0,2,2,1,excavated,False,False,5,5,"d2:R7,P2;d3:R3,P2;d4:R7,P3",,"1,3",2,
autumn2023,2023,1,12,"In 729 B.C.E., Babylonia was annexed by the Assyrian Empire.","In 729 B.C.E., Babylonia gained its independence from the Assyrian Empire.",Babylonia was incorporated into the Assyrian Empire in 729 B.C.E.,"In 729 B.C.E., the Assyrian Empire extended all the way to Babylonia.",The rivalry between the Assyrian Empire and Babylonia peaked in 729 B.C.E. )‫,2,10,10,1.0,4,False,True,2.0,0,0,0,1,4,0,,False,False,3,3,"d1:R2,P1;d3:R7,P2;d4:R3R5,P1",,"1,2",1,
autumn2023,2023,2,9,The temperature rises as one descends into the Grand Canyon.,It can get very hot in the Grand Canyon.,It is cooler at the bottom of the Grand Canyon than at the top.,"The lower one goes in the Grand Canyon, the hotter it gets.",The air at the top of the Grand Canyon is usually cool.,3,10,12,1.2,2,False,False,3.7,0,0,0,0,2,1,temperature,False,False,2,2,"d1:R5,P1;d2:R2,P2;d4:R5R3,P1",,"3,9",2,
autumn2023,2023,2,10,The state of Pennsylvania has one of the largest rural populations in the United States.,Most of the people in Pennsylvania are farmers.,Pennsylvania has more people living in rural areas than almost any other state.,Much of the land in Pennsylvania is used for farming.,The state of Pennsylvania is known for its large rural communities.,2,15,13,0.87,1,True,False,3.3,0,0,0,0,3,1,populations,False,False,3,3,"d1:R7R1,P1;d3:R7,P1;d4:R3,P3",,"1,6",1,
autumn2023,2023,2,11,"Bjarne Andresen, a professor at the University of Copenhagen, claims that the term ""global temperature"", often referred to in discussions on global warming, is thermodynamically and mathematically untenable.","Andresen claims that measuring ""global temperature"" using thermodynamic and mathematical principles is the least accurate method of estimating the rate of global warming.","An expert in thermodynamics and mathematics, Andresen supports the widely held assumption that a direct correlation exists between global warming and what is referred to as ""global temperature"".","Andresen has argued that the notion of a ""global temperature"", often mentioned in reference to global warming, is unsound in both mathematical and thermodynamic terms.","In his research on global warming, Andresen questions the widely accepted claim that ""global temperature"" can be predicted using thermodynamic and mathematical tools.",3,28,25,0.89,2,False,False,2.3,0,0,0,4,3,5,professor;temperature;discussions;thermodynamically;untenable,False,False,6,6,"d1:R7R6,P2;d2:R2,P2;d4:R7,P3",,"1,3",3,
autumn2023,2023,2,12,"The old quarter of Dinan, France, is a labyrinth of streets where time appears to have stood still.",One can wander for hours along the winding streets of Dinan's old quarter.,The passage of time has not dulled the charm of the streets in Dinan's old quarter.,The cobbled streets of Dinan's old quarter are worth taking time to explore.,The maze of streets in Dinan's old quarter look much as they did long ago. )‫,4,18,16,0.89,1,False,False,2.0,1,0,0,2,2,1,labyrinth,False,False,2,3,"d1:R3R5,P2;d2:R7,P3;d3:R3R5,P2",,"1,6",2,
autumn2024,2024,1,9,The story of Don Quixote implies that fiction and historical truth are frequently indistinguishable.,Don Quixote suggests that it is often impossible to tell the difference between fact and fiction.,"Like many great works of fiction, Don Quixote is based primarily on actual historical events.","Some parts of Don Quixote are totally fictional, while others are rooted in historical fact.",There is more fiction than fact in Don Quixote. )‫,1,14,16,1.14,1,True,False,5.3,0,0,0,0,2,2,historical;indistinguishable,False,False,3,3,"d2:R2R1,P2;d3:R7R5,P2;d4:R5R1,P2",,"1,6",2,
autumn2024,2024,1,10,The permanent shutdown of Greyhound bus service in Canada has exacerbated the accessibility problem faced by the country's rural communities.,Rural communities in Canada are protesting the closure of the Greyhound bus company.,Greyhound buses no longer service some of Canada's most remote locations due to poor infrastructure.,"Due to reduced demand among rural customers, the Greyhound bus company has cancelled many of its Canadian routes.",Travel has become even more difficult for people living in the Canadian countryside since Greyhound bus service was discontinued there.,4,20,20,1.0,1,True,False,4.7,0,1,0,0,2,4,permanent;exacerbated;country's;communities,False,False,2,4,"d1:R3,P1;d2:R3R7,P2;d3:R2R3,P2",,"1,3,6",2,
autumn2024,2024,1,11,"Throughout his career, astrophysicist Charles Greeley Abbot sought to demonstrate that fluctuations in the Sun's energy emissions have a quantifiable effect on Earth's weather.","After many years of research, Abbot concluded that the forces that cause variations in the Sun's energy levels are also responsible for changes in the weather on Earth.",Abbot never managed to conclusively determine how energy released by the Sun influences Earth's weather.,Abbot spent his career arguing that the Sun's energy emissions have a negligible effect on the weather on Earth.,Abbot never stopped trying to prove that Earth's weather is measurably affected by changes in the Sun's energy output.,4,24,19,0.79,2,False,False,7.0,0,0,0,1,5,6,throughout;astrophysicist;demonstrate;fluctuations;emissions;quantifiable,False,False,6,9,"d1:R2R7,P3;d2:R2R1,P2;d3:R2,P1",,"1,3,8",3,
autumn2024,2024,1,12,"The works showcased at the International Exhibition of Modern Decorative and Industrial Arts, held in Paris in 1925, epitomized the Art Deco movement.",The 1925 International Exhibition of Modern Decorative and Industrial Arts in Paris was organized in order to promote Art Deco artists.,"The International Exhibition of Modern Decorative and Industrial Arts, held in Paris in 1925, featured exceptional Art Deco works.","The pieces which attracted the most attention at the International Exhibition of Modern Decorative and Industrial Arts, held in Paris in 1925, were those created in the Art Deco style.",The exhibits at the 1925 International Exhibition of Modern Decorative and Industrial Arts in Paris captured the essence of the Art Deco style. )‫,4,23,24,1.04,2,False,False,6.0,0,0,0,2,9,2,showcased;epitomized,False,False,8,10,"d1:R3R7,P2;d2:R7,P3;d3:R7R1,P3",,"1,6",2,
autumn2025,2025,1,9,"The Morikami Museum and Japanese Gardens is an oasis of tranquility in the heart of bustling Delray Beach, Florida.",Residents of Delray Beach take pride in the understated beauty that the Morikami Museum and Japanese Gardens lends their town.,Delray Beach was chosen as the site for the Morikami Museum and Japanese Gardens because of its sprawling landscape.,The Morikami Museum and Japanese Gardens is a peaceful spot in the middle of lively Delray Beach.,The magnificent Morikami Museum and Japanese Gardens is located in a busy suburb of Delray Beach.,3,19,17,0.89,3,False,False,2.7,0,0,0,1,7,1,tranquility,False,False,6,6,"d1:R3R6,P2;d2:R3R2,P1;d4:R7R1,P3",,"1,6",1,
autumn2025,2025,1,10,"During World War II, Prime Minister Winston Churchill's exceptional oratorical skills were instrumental in reassuring the despondent British public.",It was Churchill's extraordinary leadership that steered Britain through the most difficult years of World War II.,"During World War II, Churchill's remarkable rhetorical abilities played an important role in lifting the British public out of its despair.",Churchill's military experience reassured the British people that he was well suited to lead the country during World War II.,Churchill's inexhaustible optimism enabled him to soothe the fears of the British people throughout World War II.,2,19,21,1.11,1,True,False,2.3,0,0,0,1,8,4,oratorical;instrumental;reassuring;despondent,False,True,5,5,"d1:R7R5,P2;d3:R3R7,P2;d4:R7R3,P2",,"1,6",2,
autumn2025,2025,1,11,The maritime transport of pistachio nuts is subject to stringent packing and storing guidelines because these nuts have been known to self-ignite.,Pistachio nuts cultivated for export are genetically modified to extend their shelf life and withstand long-distance shipping.,"Special precautions must be taken when sorting, packaging, and transporting pistachio nuts as they can spoil very easily.","Pistachio nuts, which are very fragile, are carefully packed and stored so that they reach their destination undamaged.","Pistachio nuts can catch fire spontaneously, which is why the conditions under which they are shipped are strictly regulated.",4,22,19,0.86,1,True,False,1.3,1,0,0,0,0,4,pistachio;stringent;guidelines;self-ignite,False,False,2,2,"d1:R3,P1;d2:R7,P3;d3:R7R2,P3",,"1,3,6,7",2,
autumn2025,2025,1,12,Shah Jahan's opulent ways depleted the coffers of the Mughal Empire.,Shah Jahan's stubborn refusal to heed the warnings of his advisors led to the fall of the Mughal Empire.,Shah Jahan's extravagant lifestyle drained the Mughal Empire of its wealth.,"A brilliant military strategist, Shah Jahan doubled the size of the Mughal Empire.",The benevolence of Shah Jahan made him the most revered ruler of the Mughal Empire. )‫,2,11,11,1.0,4,False,True,5.0,0,0,0,0,3,0,,False,False,4,4,"d1:R3R2,P1;d3:R3,P1;d4:R2R3,P1",,"1,6",1,
autumn2025,2025,2,9,The number of people elected to the House of Representatives from each U.S. state is proportionate to the state's population.,Representatives from the largest states have a great deal of influence in the U.S. House of Representatives.,"Every U.S. state, regardless of its size, is represented in the House of Representatives.",The procedure for electing members to the U.S. House of Representatives differs from state to state.,"The larger the population of a U.S. state, the more representatives it has in the House of Representatives.",4,20,18,0.9,1,True,False,3.0,0,0,0,0,3,1,population,False,False,4,4,"d1:R7R5,P2;d2:R5R1,P2;d3:R7,P1",,"1,3,6",1,
autumn2025,2025,2,10,It was not a foregone conclusion that English would become the dominant spoken language in North America.,"Although North America has many native languages, English has long been the main official language.","Though English is spoken throughout North America, there are many regional variations in the language.",It was only natural that the English spoken in North America would develop unique characteristics over time.,The eventual emergence of English as the most widely spoken language in North America was far from inevitable.,4,17,18,1.06,1,True,False,1.7,0,0,0,0,3,1,conclusion,False,False,5,6,"d1:R7R5,P2;d2:R7,P2;d3:R2,P2",,"1,6,7",2,
autumn2025,2025,2,11,Carl Sandburg's use of colloquialisms in his poetry challenged the conventions of his day.,Poet Carl Sandburg favored everyday expressions over formal language.,The poetry of Carl Sandburg can teach us much about how language was used at the time.,Carl Sandburg went against accepted practice by using informal language in his poetry.,Carl Sandburg's original use of language was imitated by several of his contemporaries.,3,14,13,0.93,2,False,False,5.3,0,0,0,0,1,3,colloquialisms;challenged;conventions,False,False,2,2,"d1:R5,P2;d2:R7,P1;d4:R3R7,P2",,"1,6",1,
autumn2025,2025,2,12,Domestic and international investors are appropriating ever greater amounts of arable land in Mali.,Investors from several countries are competing for what is left of Mali's uninhabited land.,"In Mali, land that is suitable for farming is increasingly being lost to investors from home and abroad.",Much of the undeveloped land in Mali belongs to foreign investors or local government.,International and private investors have acquired much of Mali's prime real estate. )‫,2,14,18,1.29,1,True,False,2.3,0,0,0,0,1,3,international;investors;appropriating,False,False,3,3,"d1:R7R3,P2;d3:R7R5,P2;d4:R7,P2",,"1,2,6",1,
fall2021,2021,1,9,Studies suggest that the impact of climate change on economic output and human health has been underestimated.,Research indicates that climate change has a greater influence on productivity and on people's health than is generally thought.,It is difficult to calculate the damage climate change has done to the economy and to people's general well being.,Scientists have found that climate change has an impact on everything from job satisfaction to life expectancy.,There is evidence to suggest that climate change affects both the economy and public health. )‫,1,17,19,1.12,2,False,False,2.7,0,0,0,0,0,1,underestimated,False,False,4,5,"d2:R7,P2;d3:R3R5,P2;d4:R5,P2",,"1,6",2,
fall2021,2021,1,10,"Political corruption exists to some extent in every country, but in Italy it has been allowed to proliferate almost unhindered.","Although political corruption is considered a serious issue in most countries, in Italy it is not regarded as a major problem.","A certain amount of political corruption can be found in all countries, but in Italy almost nothing has been done to stop it from becoming widespread.",Political corruption has been allowed to continue unhindered in Italy for much longer than it has in any other country.,It has been harder to detect and eliminate political corruption in Italy than in any other country.,2,20,26,1.3,1,True,False,5.3,1,1,3,1,1,3,political;proliferate;unhindered,False,False,5,7,"d1:R2R1,P2;d3:R3R1,P3;d4:R7R1,P2",,"1,6",2,
fall2021,2021,1,11,"The illegal but lucrative trade in African rhino horn is driven by consumer demand in Asia, where the horn is used medicinally and is also fashioned into ornaments.","The use of African rhino horn is illegal in most parts of the world, but the horn is still marketed in Asia, where it is used to make medicines and fashion accessories.","Although trade in African rhino horn is unlawful, it is extremely profitable because the material is widely used in Asia to make medicines and decorative items.","Once commonly traded throughout Asia for making medicines and household objects, African rhino horn is now almost impossible to find.","In Asia, where it is believed to have both spiritual and healing powers, African rhino horn is sold for exceptionally high prices.",2,28,26,0.93,2,False,False,6.7,2,2,0,1,2,4,lucrative;medicinally;fashioned;ornaments,False,False,6,7,"d1:R6R3R5,P2;d3:R9R2,P1;d4:R3R5,P2",,"1,7",3,
fall2021,2021,1,12,Research has shown that an alligator's reproductive rate can be significantly increased if the reptile is provided with an optimal environment.,A recent study has shown that environmental factors may affect an alligator's reproductive rate.,It is now known that alligators bred in a controlled environment grow to a larger- than-average size.,It has been found that alligators living in ideal conditions produce many more offspring.,Alligators can thrive and reproduce only in certain types of surroundings. )‫,3,21,14,0.67,2,False,False,3.0,1,0,1,0,0,4,alligator's;reproductive;increased;environment,False,False,1,5,"d1:R1R3,P2;d2:R7,P2;d4:R1R2,P2",,"1,2,7",3,
fall2021,2021,2,9,Keratin is the principal component of reptilian scales.,Reptilian scales are the main source of keratin.,Keratin is commonly found in the scales of reptiles.,Most reptiles' scales contain keratin.,The scales of reptiles consist mainly of keratin.,4,8,8,1.0,2,False,False,3.3,0,0,1,0,0,2,component;reptilian,False,False,2,3,"d1:R2,P3;d2:R1,P2;d3:R1R6,P2",,"1,8,9",1,
fall2021,2021,2,10,The cautious seldom err. (Confucius),A life without risk is not worth living.,The brave rarely regret their actions.,"To succeed, one must be willing to fail.",Those who are careful make few mistakes.,4,4,7,1.75,3,False,False,1.7,0,0,1,0,0,0,,True,False,0,0,"d1:R2,P1;d2:R7,P2;d3:R2R3,P1",,"1,6,8",1,
fall2021,2021,2,11,"Initially lauded as revolutionary, the notion that in any given individual either the right or the left hemisphere of the brain is dominant has since been refuted.",The idea that in each person one hemisphere of the brain is stronger than the other was once considered groundbreaking but was later disproven.,"Once controversial, the theory that brain activity is divided equally between the right and left hemispheres is now an accepted fact.",Recent research has shown that it is possible to improve the functioning of the non-dominant hemisphere of one's brain.,Not all scientists believe that one hemisphere of a person's brain is weaker than the other.,1,27,24,0.89,1,True,False,5.3,1,2,0,1,0,1,hemisphere,False,False,3,4,"d2:R2,P2;d3:R3,P1;d4:R1R6,P2",,"1,3,7",3,
fall2021,2021,2,12,"In 1933, an overwhelming majority of voters in the state of Western Australia ratified a referendum calling for secession from the Commonwealth of Australia.","In 1933, a referendum in Western Australia sought to limit the Commonwealth of Australia's power over the state.","In a 1933 referendum, a majority of the population of the Commonwealth of Australia voted to admit the state of Western Australia into the country.","In 1933, a referendum held in Western Australia on whether or not to withdraw from the Commonwealth of Australia approved withdrawal by a large majority.","In a 1933 referendum, Western Australian voters rejected the proposal that their state join the Commonwealth of Australia. )‫",3,24,25,1.04,1,False,False,5.0,0,1,1,1,4,3,overwhelming;referendum;secession,False,False,6,6,"d1:R7R1,P2;d2:R6R2,P1;d4:R2R9,P2",,"1,3,9",2,
spring2024,2024,1,9,"For centuries, bars of salt – called amole – served as currency throughout Ethiopia.","Centuries ago, salt was a valuable commodity in Ethiopia.",Amole has been the currency of Ethiopia since ancient times.,Ethiopian salt was once prized all over the world.,Amole was an accepted means of payment in Ethiopia for centuries. )‫,4,14,12,0.86,1,True,False,1.3,0,0,0,1,1,2,centuries;throughout,False,False,3,3,"d1:R9R7,P2;d2:R9,P3;d3:R6,P1",,"1,4,5",2,
spring2024,2024,1,10,"Despite never having collaborated, Isaac Newton and Gottfried Leibniz share the credit for pioneering the branch of mathematics known as calculus.",Newton and Leibniz were the first mathematicians to recognize calculus as a separate branch of mathematics.,"The invention of calculus is attributed to both Newton and Leibniz, each of whom developed it independently.","Had they not shared their ideas about mathematics, neither Newton nor Leibniz would have discovered calculus.","To their credit, both Newton and Leibniz acknowledged each other's contribution to the field of calculus.",2,21,17,0.81,1,True,False,0.3,1,0,1,1,4,3,collaborated;pioneering;mathematics,False,False,3,5,"d1:R7,P2;d3:R2,P2;d4:R3R2,P2",,"2,6,9",2,
spring2024,2024,1,11,Horticulturists at England's East Malling Institute are utilizing conventional breeding techniques rather than genetic engineering to produce giant strawberries.,"By using genetic engineering instead of conventional breeding techniques, horticulturists at England's East Malling Institute could grow larger strawberries.","At the East Malling Institute in England, horticulturists are growing very large strawberries using conventional breeding methods, not genetic engineering.","According to horticulturists at England's East Malling Institute, giant strawberries can be produced using either conventional breeding techniques or genetic engineering.",Horticulturists at England's East Malling Institute have found that they can produce giant strawberries by using both genetic engineering and conventional breeding techniques.,2,19,20,1.05,3,False,False,2.3,1,0,0,0,4,3,horticulturists;utilizing;strawberries,False,False,9,13,"d1:R2R1,P3;d3:R1R6,P2;d4:R2,P2",,"1,7",1,
spring2024,2024,1,12,"The roots of opera can be traced to the Camerata, a group of Italian composers enamored of antiquity, who in the 16th century wrote music that emulated the tragic chorus in ancient Greek drama.","The Camerata, whose members were fascinated by the ancient world and whose works were modeled on the tragic Greek chorus, are considered the founders of opera.","The tragic Greek chorus, which was the inspiration for opera, was incorporated into the works of the Camerata, a group of Italian composers.",The operas composed by the Camerata in the 16th century were the first to abandon the rigid structure of the Greek chorus.,The enduring appeal of the operas written by the Camerata is a testimony to the impact of the ancient Greek chorus. )‫,1,34,26,0.76,1,True,False,1.7,0,0,0,2,3,1,antiquity,False,False,6,8,"d2:R6,P2;d3:R2R3,P2;d4:R3,P2",,"1,3,4,9",4,
spring2024,2024,2,9,"Every year, a hundred million monarch butterflies from across eastern North America converge on Mexico's Monarch Butterfly Biosphere Reserve, where they spend the winter.",A hundred million monarch butterflies come from all over eastern North America each year to Mexico's Monarch Butterfly Biosphere Reserve for the winter.,Mexico's Monarch Butterfly Biosphere Reserve was created as a winter habitat for the hundred million monarch butterflies of eastern North America.,"During the winter, Mexico's Monarch Butterfly Biosphere Reserve is home to a hundred million monarch butterflies, most of them from eastern North America.","Each year, a hundred million monarch butterflies arrive at Mexico's Monarch Butterfly Biosphere Reserve after spending the winter in eastern North America. )‫",1,24,23,0.96,1,False,False,2.0,1,0,1,2,7,1,butterflies,False,True,14,14,"d2:R3,P2;d3:R1,P3;d4:R2R9,P3",,"1,5,7",2,
spring2024,2024,2,10,"Brain cells that have died from old age, injury or disease cannot be regenerated – or so it was long assumed, until research began to indicate otherwise.","For many years, people thought that once brain cells died, they did not grow back; however, studies have begun to show that this is not the case.","Studies now suggest that old age, injury and disease cause brain cells to deteriorate much more quickly than was previously believed.",Recent research supports what has long been believed – brain cells that have died cannot be regenerated.,"Until research began to indicate otherwise, it was commonly assumed that brain cells damaged by old age, injury or disease could be repaired.",1,27,27,1.0,1,True,False,6.7,1,2,0,2,0,2,regenerated;otherwise,False,False,5,11,"d2:R7,P2;d3:R2,P3;d4:R2,P3",,"1,3,6,7",4,
spring2024,2024,2,11,"Given that the information regarding the final days of American author Edgar Allan Poe is fragmentary and contradictory, it is hard to imagine that there will ever be a completely satisfactory answer as to what caused his death.",The way in which Poe died will probably never be fully explained because the facts available are incomplete and inconsistent.,Recently discovered details about Poe's last days are being pieced together into a credible and persuasive theory about his death.,There is little consensus about the circumstances surrounding Poe's death.,The cause of Poe's death will remain a mystery until more is known about his final days.,1,38,20,0.53,1,False,False,9.0,0,1,1,1,4,6,information;regarding;fragmentary;contradictory;completely;satisfactory,False,False,1,4,"d2:R2,P1;d3:R5R1,P2;d4:R1,P3",,"1,3,6,7",4,
spring2024,2024,2,12,"Delivered in the waning months of the US Civil War, President Abraham Lincoln's second inaugural speech was notable for its brevity and its dispirited tone.","In the midst of the US Civil War, Lincoln gave his second inaugural speech, which was inspiring but restrained.","Towards the end of the US Civil War, Lincoln delivered his second inaugural speech, which was strikingly short and somber.","In his second inaugural speech, Lincoln displayed the same courage and vision that had proven vital during the US Civil War.","Lincoln's second inaugural speech, delivered shortly after the US Civil War, is remembered for its simplicity and its hopeful message. )‫",2,25,20,0.8,3,False,False,1.7,0,0,0,1,6,3,delivered;inaugural;dispirited,False,False,5,6,"d1:R9R2,P2;d3:R3,P1;d4:R9R2,P2",,"1,2,6,9",2,
spring2025,2025,1,9,Actress Lotte Lenya's rare film roles included her portrayal of Rosa Klebb in From Russia with Love.,Lotte Lenya was outstanding as Rosa Klebb in the film From Russia with Love.,From Russia with Love was the movie that established Lotte Lenya's reputation as a serious actress.,"Lotte Lenya played Rosa Klebb in From Russia with Love, one of the few movies in which the actress appeared.",The role of Lotte Lenya in From Russia with Love was played by Rosa Klebb. )‫,3,17,20,1.18,1,True,False,3.3,0,0,0,0,7,1,portrayal,False,False,8,8,"d1:R3R7,P2;d2:R3,P2;d4:R6,P3",,"3,6,9",1,
spring2025,2025,1,10,"Although the punctuation mark ending a sentence was referred to as a ""period"" in the Shakespearean era, that word eventually fell out of favour in England and was replaced by ""full stop"".","Shakespeare preferred the phrase ""full stop"" to the word ""period"", though the latter was more commonly used in his day.","At some point after Shakespeare's day, the English stopped referring to the punctuation mark at the end of a sentence as a period, preferring instead to call it a full stop.","Today, a period is used to indicate a full stop at the end of a sentence, but in Shakespeare's England, it had a different purpose.","The punctuation marks Shakespeare used to indicate the end of a sentence were later abandoned by the English in favour of the period, or full stop.",2,32,31,0.97,1,True,False,7.3,1,1,0,1,2,2,punctuation;eventually,False,False,6,6,"d1:R6R2,P2;d3:R7R3,P2;d4:R2R6,P2",,"2,3,6,7",3,
spring2025,2025,1,11,"The royal palace in Ugarit was one of the most imposing edifices in all of western Asia, rivaled only by the royal palace in Tyre.","The royal palace in Ugarit, the largest in western Asia, was modeled after the royal palace in Tyre.",No other buildings in western Asia were as magnificent as the royal palaces in Tyre and Ugarit.,The rulers of western Asia held court at the impressive palaces of Ugarit and Tyre.,"Ugarit and Tyre, both prosperous centers in western Asia, were home to an array of royal palaces.",2,25,17,0.68,2,False,False,2.3,0,0,3,1,3,0,,False,False,5,6,"d1:R1R7,P2;d3:R3R6,P1;d4:R6R1,P2",,"1,3,5,6",2,
spring2025,2025,1,12,"Ibn Khaldun, one of the leading Arab scholars of the 14th century, advanced economic theories that anticipated the work of much later thinkers.",Ibn Khaldun's innovative economic theories were not shared by other scholars of his time.,Ibn Khaldun's contributions to the field of economics were unparalleled.,Ibn Khaldun formulated economic theories that are still relevant today.,Ibn Khaldun put forth theories of economics that were far ahead of his time. )‫,4,23,15,0.65,1,True,False,3.0,0,0,0,2,2,0,,False,False,3,4,"d1:R7,P2;d2:R1,P2;d3:R9,P2",,"1,5,6",2,
spring2025,2025,2,9,The ancient Egyptians believed that the body had to remain intact in order to house the soul during the afterlife.,The ancient Egyptians built tombs to make the soul comfortable during the afterlife.,Ancient Egyptian burial practices were meant to ensure that the body and the soul would be reunited in the afterlife.,The ancient Egyptians believed that the soul continues to exist in the afterlife.,The ancient Egyptians believed that in the afterlife the soul could reside only in a body that was whole.,4,20,19,0.95,2,False,False,4.3,1,0,0,0,1,1,afterlife,False,True,7,7,"d1:R3R7,P1;d2:R7,P2;d3:R5,P2",,"1,3,8",2,
spring2025,2025,2,10,"Tigers, unlike most other predators, rely principally on their sense of sight rather than smell to track prey.","Many animals that hunt are guided to their prey by their sense of smell, but tigers depend mainly on their eyesight.",Tigers differ from other mammals in that they recognize one another on the basis of smell rather than sight.,The principal difference between tigers and other predators is that tigers use their sense of sight rather than smell when tracking prey.,Tigers are the only wild animals whose sense of sight is more developed than their sense of smell.,1,18,21,1.17,2,False,False,2.7,1,1,1,2,0,0,,False,False,5,10,"d2:R7R2,P2;d3:R1,P3;d4:R1R7,P2",,"1,4,6,7",1,
spring2025,2025,2,11,There is considerable overlap between the regions inhabited by the common raven and those inhabited by the American crow.,The common raven and the American crow thrive in similar environments.,The American crow is gradually being displaced by the common raven.,The common raven and the American crow are found largely in the same areas.,The habitats shared by the common raven and the American crow are rapidly shrinking.,3,19,14,0.74,1,False,False,2.0,0,0,0,0,1,2,inhabited;inhabited,False,False,4,4,"d1:R7,P2;d2:R2R3,P1;d4:R3,P1",,"1,2,5,6",1,
spring2025,2025,2,12,"The ancient city-state of Sparta – renowned for its warmongering ethos, rigid social hierarchy, and austerity – is widely regarded as the epitome of an authoritarian regime.","Many societies have attempted to emulate ancient Sparta's highly efficient system of government, which fostered a strong, secure, and superior society.","The distinguishing features of ancient Sparta, seen by many as the classic example of a dictatorship, were its militaristic character, inflexible social order, and minimalist way of life.",Ancient Sparta was the model of a disciplined and principled combative state capable of protecting its citizens from a multitude of threats.,"Ancient Sparta is remembered primarily as a society that spurned luxury in favor of hard work, strict ethics, and social accountability. )‫",2,27,28,1.04,1,True,False,3.0,0,0,0,2,1,4,city-state;warmongering;hierarchy;austerity,False,False,3,3,"d1:R3R2,P1;d3:R2,P2;d4:R5R7,P2",,"1,3,6",2,
summer2021,2021,1,9,"After their conquest of North Africa in the 15th century, the Ottoman Turks held sway over the region for almost four centuries.","In the 15th century, four hundred years of Ottoman Turkish rule in North Africa came to an end.","After controlling North Africa for four centuries, the Ottoman Turks were finally expelled in the 15th century.","Four hundred years after first attempting to conquer North Africa, the Ottoman Turks invaded the region in the 15th century.","The Ottoman Turks dominated North Africa for nearly four hundred years, beginning in the 15th century.",4,22,16,0.73,4,False,True,2.3,1,0,2,1,4,1,centuries,False,False,6,8,"d1:R9,P3;d2:R9,P3;d3:R9,P2",,"1,3,6,7",1,
summer2021,2021,1,10,The U.S. Census Bureau has reported that the most common language in the U.S. after English and Spanish is Chinese.,"Though most people in the U.S. speak English or Spanish, the number of Chinese speakers is growing, according to the U.S. Census Bureau.","A report by the U.S. Census Bureau states that in the U.S., Chinese is spoken almost as much as English and Spanish.","The U.S. Census Bureau lists English and Spanish as the most widely spoken languages in the U.S., followed by Chinese.","According to the U.S. Census Bureau, most English speakers in the U.S. also speak Spanish or Chinese.",3,20,20,1.0,3,False,False,4.7,1,0,1,0,6,0,,False,False,6,6,"d1:R3,P2;d2:R1,P2;d4:R6,P1",,"1,3,6",2,
summer2021,2021,1,11,"At one time it was believed that Mendel's theories were antithetical to those of Darwin, but that view has since been refuted.","Despite certain similarities, the ideas of Darwin and Mendel were inherently different in many respects.",The ideas advanced by Mendel and Darwin are no longer considered contradictory.,"At one point in his career, Mendel is thought to have concurred with Darwin's theories.",Mendel initially opposed many of Darwin's theories but eventually acknowledged their validity.,2,22,12,0.55,3,False,False,2.0,2,0,0,1,2,1,antithetical,False,False,1,2,"d1:R2,P2;d3:R6R7,P2;d4:R6R9,P2",,"1,5,6",3,
summer2021,2021,1,12,Twentieth-century composer Aaron Copland created music with a distinctly American sound.,Aaron Copland is the most instantly recognizable of any American composer.,Aaron Copland's original compositions are variations on traditional American tunes.,Aaron Copland is one of the most distinguished American composers.,Aaron Copland's musical compositions are characterized by an unmistakably American quality. )‫,4,11,12,1.09,1,True,False,1.0,0,0,0,0,3,1,twentieth-century,False,False,2,4,"d1:R6R1,P2;d2:R7,P2;d3:R7,P2",,"1,2,9",1,
summer2021,2021,2,9,The insecticide pyrethrum is derived from the chrysanthemum flower.,Chrysanthemums are among the flowers that contain pyrethrum.,Chrysanthemums are the source of pyrethrum.,Pyrethrum is often used to make chrysanthemums grow better.,Pyrethrum is used to protect chrysanthemums from insects.,2,9,6,0.67,4,False,True,2.3,0,0,0,0,0,3,insecticide;pyrethrum;chrysanthemum,False,False,1,2,"d1:R1,P2;d3:R2,P1;d4:R2R3,P1",,"4,5,9",1,
summer2021,2021,2,10,The U.S. flag is generally referred to as the Stars and Stripes.,The U.S. flag was originally known as the Stars and Stripes.,The name Stars and Stripes refers to the design of the U.S. flag.,The U.S. flag is usually called the Stars and Stripes.,The formal name for the U.S. flag is the Stars and Stripes.,3,12,10,0.83,4,False,True,2.0,0,0,0,0,3,1,generally,False,False,3,3,"d1:R9,P3;d2:R6R3,P2;d4:R7,P3",,1,1,
summer2021,2021,2,11,"The war dispatches of foreign correspondent Richard Harding Davis were colorful and dramatic, frequently at the expense of accuracy.",Davis was one of the first foreign correspondents to show that war dispatches could be colorful and dramatic as well as factually correct.,Davis's war dispatches were exciting and full of interesting details but did not always report the facts correctly.,"Davis was an excellent foreign correspondent, but his war dispatches were overly dramatic and inaccurate.","Davis's war dispatches were not only accurate, but also colorful and informative.",2,19,18,0.95,2,False,False,6.7,0,1,0,1,3,2,dispatches;correspondent,False,False,2,6,"d1:R2,P2;d3:R1R3,P2;d4:R2,P1",,"1,6,7,8",1,
summer2021,2021,2,12,The great Renaissance painter Titian remained unrivaled until his final years.,"In his final years, Titian came to be regarded as the greatest painter of his time.",Titian was one of the last great Renaissance painters.,Only at the end of Titian's life did other painters of comparable status emerge.,"By the end of his career, Titian was admired by most of his fellow painters. )‫",3,11,14,1.27,3,False,False,6.3,1,0,0,0,2,1,unrivaled,False,False,0,4,"d1:R2,P2;d2:R7,P2;d4:R7,P2",,"3,6,8",1,
summer2022,2022,1,9,Tact is the knack of making a point without making an enemy. (Isaac Newton),Those who speak in anger are likely to make enemies.,"The best way to counter an opponent is through logic, not anger.",Tact is the art of avoiding the truth without seeming to do so.,Speaking diplomatically allows one to state an opinion without offending others.,4,12,11,0.92,3,False,False,2.0,0,0,0,0,0,0,,True,False,1,2,"d1:R2,P2;d2:R3,P1;d3:R7,P3",,"1,6",1,
summer2022,2022,1,10,"Condemnation by the Church notwithstanding, Donatism – a Christian sect – flourished during the fourth and fifth centuries.","The Donatists, Christians who had broken away from the Church, were active primarily during the fourth and fifth centuries.","Donatism is a Christian sect that thrived during the fourth and fifth centuries, despite being denounced by the Church.","Donatism, an influential sect in the fourth and fifth centuries, was subsequently rejected by the Church.","The fourth and fifth centuries were a time of uncertainty for the Donatist sect, which was persecuted by the Church.",2,18,19,1.06,2,False,False,3.3,0,1,0,1,3,3,condemnation;notwithstanding;centuries,False,True,8,8,"d1:R5R3,P2;d3:R9,P3;d4:R2R1,P2",,"1,3,7,9",1,
summer2022,2022,1,11,"The popularity of paintings by Grandma Moses, an American artist who began to paint at the age of 77, may be attributed to a combination of factors: her advanced age, her enchanting evocations of rural life, and a national fascination with folk art.","The fact that she was so old, the delightful way she portrayed life in the country, and the strong interest of Americans in folk art all made Grandma Moses's paintings very popular.","Although Grandma Moses painted charming scenes of rural life for many years, her work became popular only after the American public learned to appreciate folk art.","Grandma Moses's advanced age and enchanting evocations of rural life made her paintings popular among many Americans, but she was never considered a great artist.","The declining popularity of Grandma Moses's paintings may be attributed to a combination of factors: her age, her emphasis on rural life, and decreasing national interest in folk art.",1,43,32,0.74,1,True,False,4.0,0,0,0,4,3,5,popularity;paintings;enchanting;evocations;fascination,False,False,4,10,"d2:R9R1,P2;d3:R3,P2;d4:R2,P3",,"1,2,6,9",2,
summer2022,2022,1,12,The poems of Phillis Wheatley are characterized by emotional restraint.,Most people are moved by Phillis Wheatley's poems.,Human emotions are the central theme of Phillis Wheatley's poetry.,Open expression of feeling is not evident in Phillis Wheatley's poetry.,Phillis Wheatley's poems describe her personal experiences. )‫,3,10,11,1.1,1,True,False,1.7,0,0,0,0,2,2,emotional;restraint,False,False,1,2,"d1:R6,P1;d2:R2,P2;d4:R3,P1",,"1,6,9",1,
summer2022,2022,2,9,A pecan tree can yield edible nuts for as long as three hundred years.,"For up to three hundred years, a pecan tree can produce nuts suitable for eating.",Pecan nuts can be stored for as long as three hundred years.,People first began harvesting pecan nuts three hundred years ago.,"The pecan tree, which has edible nuts, lives for about three hundred years.",1,14,15,1.07,1,True,False,3.3,0,0,0,0,0,0,,False,False,6,7,"d2:R6,P2;d3:R9,P2;d4:R6,P3",,"1,3,6",1,
summer2022,2022,2,10,"Attempts by the National Aeronautics and Space Administration (NASA) to locate the Mars Polar Lander, which had been scheduled to land on Mars on December 3, 1999, proved futile.","NASA tried unsuccessfully to find the Mars Polar Lander after it failed to reach Mars on December 3, 1999, as planned.","On December 3, 1999, NASA lost contact with the Mars Polar Lander and began an intensive search for it.","NASA continues to search for the Mars Polar Lander, which disappeared on December 3, 1999, shortly before it was scheduled to land.","After several attempted landings, NASA's Mars Polar Lander finally set down on Mars on December 3, 1999.",1,29,21,0.72,2,False,False,3.7,0,1,0,3,10,1,scheduled,False,False,5,8,"d2:R3R5,P2;d3:R9,P2;d4:R2,P1",,"1,3,6,9",2,
summer2022,2022,2,11,"In an effort to rectify the gender imbalance in its collection, the Baltimore Museum of Art pledged that throughout 2020 it would acquire only works created by women.","The Baltimore Museum of Art announced that, due to criticism from women's groups, it would in the course of 2020 display only pieces of art that had been created by women.","In 2020, the Baltimore Museum of Art initiated a program aimed at providing opportunities to women artists at the beginning of their careers.","In response to claims of gender inequality, the Baltimore Museum of Art decided that in 2020 it would purchase only works of art that portray women.","To compensate for the disproportionate number of male artists represented in its collection, the Baltimore Museum of Art undertook to buy during all of 2020 only artwork made by women.",4,28,30,1.07,2,False,False,6.0,0,0,1,1,3,2,imbalance;throughout,False,False,5,8,"d1:R3R7,P2;d2:R7R3,P2;d3:R7,P3",,"1,3,6",2,
summer2022,2022,2,12,"By the time George Washington was appointed commander-in-chief of the Continental Army in 1775, the memory of his culpability in the Jumonville affair had waned significantly.","Even after George Washington became commander-in-chief of the Continental Army in 1775, his reputation bore the stain of the Jumonville affair.",George Washington's outstanding service as commander-in-chief of the Continental Army did much to redeem him after the Jumonville affair.,"When George Washington was being considered for commander-in-chief of the Continental Army, his conduct in the Jumonville affair was revisited.","In 1775, when George Washington was chosen to be commander-in-chief of the Continental Army, few recalled his wrongdoing in the Jumonville affair. )‫",4,26,23,0.88,1,True,False,2.3,0,1,1,1,5,2,commander-in-chief;culpability,False,False,7,7,"d1:R2,P2;d2:R3R9,P2;d3:R2,P2",,"1,6,8",2,
summer2023,2023,1,9,A person who is deficient in a particular nutrient may crave certain foods.,A strong desire for certain foods can be caused by the lack of a specific nutrient.,Consuming an adequate amount of nutrients can promote good health.,Cravings can lead to the excessive consumption of food.,People tend to consume foods that have little nutritional value.,1,13,16,1.23,1,True,False,3.0,0,0,0,0,0,2,deficient;particular,False,True,3,3,"d2:R3,P1;d3:R2,P2;d4:R3,P1",,"1,2,9",2,
summer2023,2023,1,10,"In the first part of the twentieth century, sugar exports to the U.S. dominated the Cuban economy.","In the first part of the twentieth century, Cuba exported more sugar to the U.S. than to any other country.","In the first part of the twentieth century, Cuba's chief export to the U.S. was sugar.","In the first part of the twentieth century, the Cuban economy depended primarily on sugar exports to the U.S.","In the first part of the twentieth century, sugar exports to the U.S. stimulated economic growth in Cuba.",3,17,19,1.12,2,False,False,3.0,0,0,0,1,2,1,twentieth,False,True,8,8,"d1:R6,P2;d2:R6,P3;d4:R7,P2",,"4,8,9",1,
summer2023,2023,1,11,"Angola is riddled with landmines, remnants of the country's civil war.",Landmines were used extensively in Angola during the civil war.,"Years after the civil war, Angola is still trying to remove the last of the many landmines placed there.",Many Angolans were injured by landmines during the civil war.,Landmines planted during Angola's civil war are scattered throughout the country.,4,11,11,1.0,2,False,False,3.3,0,0,0,1,0,2,landmines;country's,False,False,2,3,"d1:R9,P2;d2:R3,P2;d3:R3R9,P1",,"2,4,6",1,
summer2023,2023,1,12,Harper Lee's To Kill a Mockingbird was published in 1960 to nearly unanimous critical acclaim.,The publication of Harper Lee's To Kill a Mockingbird generated furious public debate.,"Critics agree that To Kill a Mockingbird, published in 1960, was Harper Lee's best novel.",Responses to Harper Lee's To Kill a Mockingbird ranged from enthusiastic to critical.,"At the time of its publication, Harper Lee's To Kill a Mockingbird was praised by the vast majority of critics. )‫",4,15,21,1.4,1,True,False,3.3,0,0,1,0,4,2,published;unanimous,False,False,4,5,"d1:R2,P1;d2:R6R9,P2;d3:R1,P2",,"2,6,8,9",1,
summer2023,2023,2,9,Mother's milk contains antibodies that boost a baby's immune system.,Mother's milk is the main source of the antibodies needed by infants for their immune system.,Mother's milk is recommended for infants with a weak immune system.,"In order to develop their immune system, infants need antibodies like those found in mother's milk.",Mother's milk provides babies with antibodies that strengthen their immune system.,4,10,11,1.1,3,False,False,3.3,0,0,0,0,0,1,antibodies,False,True,6,6,"d1:R1,P2;d2:R3R6,P1;d3:R1R6,P2",,1,2,
summer2023,2023,2,10,The Ziani family of Venice rose to prominence in the 10th century.,The Ziani family ruled Venice in the 10th century.,"Until the 10th century, the Ziani family lived in Venice.",The Zianis were a typical 10th-century family.,The Ziani family became influential in the 10th century.,4,12,9,0.75,2,False,False,2.3,0,0,0,0,2,1,prominence,False,False,3,4,"d1:R1,P2;d2:R9R7,P1;d3:R2,P1",,"1,6",1,
summer2023,2023,2,11,"Most ancient scribes had at their disposal only perishable writing materials such as papyrus and bamboo scrolls; Sumerian scribes, on the other hand, wrote on durable clay tablets.","While most ancient scribes refused to write on any material other than papyrus and bamboo scrolls, Sumerian scribes preferred to use clay tablets, which they considered to be superior in quality.","While Sumerian scribes originally wrote on clay tablets, they later came to favor the papyrus and bamboo scrolls used by scribes in other ancient civilizations.","In some ancient civilizations, scribes had at their disposal light, flexible writing materials made of papyrus and bamboo, but Sumerian scribes had only clay tablets to write on.","Sumerian scribes wrote on long-lasting clay tablets, while other ancient scribes were limited to scrolls made of papyrus, bamboo, and other materials that deteriorated over the course of time.",4,28,29,1.04,2,False,False,4.3,0,1,2,2,1,2,perishable;materials,False,False,11,12,"d1:R3R1,P2;d2:R9R2,P1;d3:R1R5,P3",,"1,3,6,7",2,
summer2023,2023,2,12,The Bayeux Tapestry yields invaluable insights into the medieval period.,Our understanding of the medieval period has been advanced beyond measure by the Bayeux Tapestry.,"The Bayeux Tapestry, a priceless work of art, is emblematic of the rich artistic legacy of the medieval period.",The accuracy of the Bayeux Tapestry's depiction of momentous events in the medieval period is unparalleled.,The Bayeux Tapestry has been scrutinized painstakingly by scholars of medieval history. )‫,1,10,15,1.5,3,False,False,3.7,0,0,0,0,2,1,invaluable,False,False,4,4,"d2:R7,P2;d3:R3R1,P2;d4:R6,P2",,"2,4,6,9",1,
summer2025,2025,1,9,"The artistic genius of Vivian Maier was revealed only following her death, when her thousands of remarkable photographs came to light.",Vivian Maier's large collection of photographs was exhibited only after her death.,"The photographs of Vivian Maier, who died at the height of her career, reveal her unique artistic eye.",It wasn't until Vivian Maier died that her many extraordinary photographs were discovered and her great talent was acknowledged.,"Vivian Maier's thousands of photographs, most of which were taken towards the end of her life, are admired by many art critics.",3,21,19,0.9,2,False,False,7.7,2,1,1,1,2,4,following;thousands;remarkable;photographs,False,False,3,4,"d1:R7R5,P2;d2:R3,P2;d4:R3,P2",,"1,3,7,8",2,
summer2025,2025,1,10,An economic slump is often the harbinger of a recession.,"The longer a recession persists, the more severe its repercussions.",Economic crises and recessions are usually inevitable.,A recession is a particularly acute economic slump.,"In many cases, a recession is heralded by a period of economic decline.",4,10,13,1.3,1,True,False,3.3,0,0,0,0,0,2,harbinger;recession,False,False,2,3,"d1:R3,P1;d2:R1R7,P1;d3:R6,P2",,"1,2,6,9",1,
summer2025,2025,1,11,"Achieving literacy in Japanese, which uses multiple alphabets, is a formidable undertaking for non-native speakers.",Japanese is not easy to write because each of the characters that make up the alphabet is so complex.,The Japanese alphabet consists of so many characters that non-native speakers find it almost impossible to master reading and writing.,"Because Japanese has more than one alphabet, speakers of other languages find learning to read and write the language very challenging.",People who study Japanese have trouble distinguishing among the language's many alphabets.,3,15,21,1.4,1,True,False,8.0,0,1,0,2,1,5,achieving;alphabets;formidable;undertaking;non-native,False,False,2,3,"d1:R7,P2;d2:R7R1,P2;d4:R7,P2",,"1,6,7",2,
summer2025,2025,1,12,A key tenet of socialist feminism is that patriarchy and capitalism are intertwined systems that perpetuate the exploitation and subjugation of women.,"According to socialist feminism, patriarchy and capitalism keep women from fully utilizing their skills.",Socialist feminists argue that capitalism is a modern manifestation of long-standing patriarchal structures.,Socialist feminism asserts that the discrimination and neglect suffered by women stems from capitalism just as much as from patriarchal control.,Central to socialist feminism is the idea that society has taken advantage of and oppressed women through a combination of patriarchy and capitalism. )‫,4,22,24,1.09,1,True,False,6.7,0,0,0,0,0,6,socialist;patriarchy;capitalism;intertwined;perpetuate;subjugation,False,True,6,6,"d1:R1,P2;d2:R6,P2;d3:R1R7,P3",,"3,6,9",3,
summer2025,2025,2,9,Federalism is a political system characterized by the separation of powers between the central government and regional governments.,Federalism is most successful when there is close cooperation between the central government and regional governments.,"In a federalist system, policies are set by the central government and carried out by regional governments.",Federalism is defined as a central government working together with smaller regional governments.,A federalist system is one in which authority is divided between the central government and regional governments.,4,18,17,0.94,1,False,False,3.7,0,0,0,0,0,5,federalism;political;separation;government;governments,False,False,6,6,"d1:R2R3,P1;d2:R6,P2;d3:R2,P3",,"1,3,9",1,
summer2025,2025,2,10,Nineteenth-century novelist Mary Ann Evans assumed the male pseudonym George Eliot to ensure that her works be given due consideration.,"The novels of Mary Ann Evans, also known as George Eliot, were written at a time when female authors were not given the attention they deserved.","Mary Ann Evans, fearing that her works would otherwise not be taken seriously, adopted the pen name George Eliot.",Mary Ann Evans was one of many female writers who had to adopt male names in order to have their works published.,Mary Ann Evans changed her name to George Eliot because she wanted her novels to appeal to a male audience.,2,20,19,0.95,4,False,True,3.7,0,0,0,0,5,3,nineteenth-century;pseudonym;consideration,False,True,6,6,"d1:R5,P2;d3:R3R7,P2;d4:R7,P2",,"1,3,6",2,
summer2025,2025,2,11,"When calcium oxide is heated to a temperature approaching its melting point, it emits a brilliant white light.",Calcium oxide gives off an intense white light when heated almost to its melting point.,"As calcium oxide melts, its brilliant white light dulls.","The hotter calcium oxide becomes, the brighter the light it produces.",Calcium oxide is sometimes melted in order to generate bright white light.,1,18,15,0.83,1,True,False,3.7,1,1,0,1,0,2,temperature;brilliant,False,True,8,8,"d2:R2R9,P2;d3:R1,P2;d4:R2,P2",,"1,3,5",2,
summer2025,2025,2,12,The events of St. Francis's life are well chronicled.,Most of what we know about St. Francis's life comes from his writings.,The biography of St. Francis is fascinating.,Much has been written about the life of St. Francis.,The works of St. Francis are extremely accurate. )‫,3,9,10,1.11,2,False,False,3.7,0,0,0,0,1,0,,False,False,1,2,"d1:R6,P2;d2:R7,P2;d4:R6R7,P1",,"2,6,9",1,
winter2021,2021,1,9,Alan Turing is considered the father of computer science.,Computer science owes much to the work of Alan Turing.,Alan Turing taught the first computer science class.,The first computer was invented by Alan Turing.,Computer science is said to have begun with Alan Turing.,4,9,10,1.11,1,False,False,1.3,0,0,0,0,1,1,considered,False,False,4,4,"d1:R1,P2;d2:R7,P2;d3:R7,P2",,"1,4,6",1,
winter2021,2021,1,10,Throughout the United States and Europe people flocked to Buffalo Bill's Wild West show.,Buffalo Bill's Wild West show appealed to audiences outside of the United States and Europe.,Buffalo Bill's Wild West show was particularly popular in the United States and Europe.,Buffalo Bill's Wild West show drew large crowds across the United States and Europe.,Buffalo Bill's Wild West show was performed throughout the United States and Europe.,3,14,14,1.0,2,False,False,1.3,0,0,0,0,7,1,throughout,False,False,8,9,"d1:R2,P3;d2:R1,P2;d4:R6,P2",,"4,6,9",1,
winter2021,2021,1,11,The New York Times' Saturday crossword puzzle is the one most crossword devotees aspire to conquer.,Most people buy the Saturday edition of The New York Times for the crossword puzzle.,The crossword puzzle in the Saturday New York Times is the most challenging of the week.,The ambition of most crossword puzzle enthusiasts is to successfully complete the puzzle appearing in the Saturday New York Times.,Most crossword puzzle writers dream of having their work published in the Saturday New York Times.,3,16,20,1.25,1,True,False,2.3,0,0,1,0,4,2,crossword;crossword,False,False,5,5,"d1:R6R1,P2;d2:R6,P2;d4:R6,P2",,"1,3,6,9",2,
winter2021,2021,1,12,"Chronic procrastination can exact a toll on one's health, increasing susceptibility to illness.",The cost of medical treatment may discourage people from getting the medical care they need.,A person with a chronic disease may be vulnerable to other illnesses.,There is increasing evidence of a connection between physical health and emotional well-being.,People who have a habit of delaying tasks are at greater risk of becoming ill. )‫,4,13,16,1.23,1,True,False,2.7,0,0,0,1,0,3,procrastination;increasing;susceptibility,False,False,0,2,"d1:R7,P1;d2:R7,P2;d3:R7R3,P1",,"1,6",2,
winter2021,2021,2,9,"The sands of the western Sahara desert have traveled far to reach their destination, migrating from Egypt and Sudan.",The sand of the western Sahara comes all the way from Egypt and Sudan.,Sand from Egypt and Sudan is sometimes found as far west as the Sahara desert.,The sands of Egypt and Sudan come from the western Sahara.,The sand of the western Sahara is remarkably similar to that found in Egypt and Sudan.,1,19,14,0.74,3,False,False,4.0,0,0,0,1,3,2,destination;migrating,False,False,5,6,"d2:R1,P2;d3:R2,P3;d4:R7,P2",,"5,6",2,
winter2021,2021,2,10,Socrates was charged with undermining Athenian democracy.,Socrates was responsible for instituting democracy in Athens.,Socrates was opposed to Athenian democracy.,Socrates was criticized by Athenian democrats.,Socrates was accused of trying to weaken democracy in Athens.,4,7,10,1.43,1,True,False,2.0,0,0,0,0,1,2,undermining;democracy,False,False,2,3,"d1:R2,P1;d2:R1,P2;d3:R6,P2",,"1,6",1,
winter2021,2021,2,11,"In the 1840s, women constituted the bulk of the labor force in New England's textile mills.","In the 1840s, women were not permitted to work in New England's textile mills.","In the 1840s, most of the women seeking work in New England found jobs in textile mills.","In the 1840s, most of New England's textile mill workers were women.","In the 1840s, New England's textile mills expanded their operations and began hiring women.",3,16,12,0.75,4,False,True,3.0,0,0,0,1,2,1,constituted,False,False,3,4,"d1:R2,P1;d2:R6,P3;d4:R3R9,P2",,"1,8,9",1,
winter2021,2021,2,12,The chief extant work of ancient Greek mathematician Euclid is his Elements.,"Of Euclid's surviving works, the Elements is the most significant.",Euclid's Elements was his first notable contribution to ancient Greek mathematics.,Euclid's Elements is one of the few ancient Greek mathematical works that is still studied.,Euclid considered his Elements his greatest masterpiece. )‫,1,12,10,0.83,3,False,False,4.0,0,0,0,0,3,1,mathematician,False,False,1,3,"d2:R7,P2;d3:R7,P2;d4:R6R1,P2",,"1,3",1,
winter2022,2022,1,9,"While tinkering with a peanut roaster, Charles Cretors invented the popcorn popping machine.",Charles Cretors's peanut roaster is an adaptation of a popcorn popping machine.,Charles Cretors created the first popcorn popping machine when he was toying with a peanut roaster.,Charles Cretors built the peanut roaster using the same principles he used to create the popcorn popping machine.,Charles Cretors's popcorn popping machine was inspired by a peanut roaster.,2,13,16,1.23,2,False,False,4.3,1,1,0,1,2,1,tinkering,False,True,8,8,"d1:R2,P2;d3:R3R9,P2;d4:R7,P3",,"1,3,7",2,
winter2022,2022,1,10,Pope Julius II summoned the finest architects and artists of his day to serve in Rome.,Among the people Pope Julius II brought to work in Rome were the most talented artists and architects of the day.,"During Pope Julius II's years in Rome, architects and artists flocked to the city.",Pope Julius II was responsible for renewing interest in Rome's architecture and art.,The best architects and artists of the time came to work in Rome at the request of Pope Julius II.,4,16,20,1.25,2,False,False,5.3,0,0,0,0,3,1,architects,False,False,5,5,"d1:R1,P3;d2:R5,P2;d3:R7,P1",,"1,2,4,9",1,
winter2022,2022,1,11,"Egypt's agricultural wealth is concentrated in the Nile Valley, along with virtually all of the country's population.",Almost everyone who lives in Egypt's Nile Valley makes a living from agriculture.,Egypt's economy is heavily dependent on the agriculture of the Nile Valley.,"The vast majority of Egyptians reside in the Nile Valley, the country's agricultural center.",Egyptians who live in the country's fertile Nile Valley enjoy a relatively high standard of living.,3,17,14,0.82,2,False,False,2.3,0,0,2,1,2,2,country's;population,False,True,4,4,"d1:R6,P3;d2:R5R1,P2;d4:R7R3,P2",,"3,5,8,9",1,
winter2022,2022,1,12,"Air pollution is but one of the factors that has tarnished the luster of the Taj Mahal, one of the world's most magnificent monuments.",Not even the harsh effects of air pollution can detract from the beauty of the Taj Mahal.,"Having been exposed to high levels of air pollution, the Taj Mahal is in need of extensive restoration.","Due to damage caused by air pollution, the Taj Mahal has lost some of its allure.","The Taj Mahal's radiance has been dulled by air pollution, among other things. )‫",4,24,14,0.58,4,False,True,3.0,1,0,1,1,2,2,pollution;tarnished,False,False,1,2,"d1:R2,P2;d2:R3R1,P2;d3:R5,P3",,"1,2,6",2,
winter2022,2022,2,9,"""A ship in the harbor is safe, but that is not what ships are built for."" (John Shedd)",One must plan a journey carefully in order to arrive safely.,"To fulfill one's potential, one must be willing to take risks.",Many people do not know how to pursue their dreams.,"Some people seek adventure, while others prefer a quiet life.",2,16,11,0.69,1,False,False,0.7,1,0,0,1,0,0,,True,False,0,0,"d1:R7,P1;d3:R3,P1;d4:R1,P2",,6,2,
winter2022,2022,2,10,"Scientists Richard Feynman and Tim Flannery describe the universe in lucid, eloquent prose.",Feynman and Flannery have unlocked many of the secrets of the universe.,Feynman and Flannery's writings on the universe are clear and well expressed.,Feynman and Flannery are respected scientists as well as gifted writers.,Feynman and Flannery manage to make science interesting and even fun.,2,13,12,0.92,1,False,False,0.7,0,0,0,1,4,1,scientists,False,False,2,3,"d1:R7,P1;d3:R3,P2;d4:R7,P2",,"1,9",1,
winter2022,2022,2,11,Chinese poet Mei Sheng is credited with the introduction of the five-character poetic line.,"Mei Sheng's innovative poetic techniques, which include the five-character line, have been adopted by many Chinese poets.",Mei Sheng favored such poetic devices as the five-character line.,Mei Sheng is considered the first poet to have used the five-character line.,Mei Sheng used the five-character line more effectively than any other Chinese poet.,3,14,13,0.93,2,False,False,4.3,0,0,0,0,2,2,introduction;five-character,False,False,4,5,"d1:R3,P2;d2:R1R5,P2;d4:R7,P2",,"1,6,9",1,
winter2022,2022,2,12,"Despite two decades of rapidly declining world food prices, the percentage of people in developing countries who are malnourished remains high.","During the past two decades, food prices have fallen in some parts of the world, but they remain high in many poor countries.","As a result of declining food prices over the past 20 years, fewer people in developing countries are malnourished.","While food prices throughout the world have fallen during the past 20 years, there are still many people in poor countries who do not have enough to eat.","Despite the fact that world food prices have declined over the last two decades, malnutrition in developing countries has actually increased. )‫",3,21,28,1.33,1,True,False,5.3,1,1,0,1,0,4,declining;developing;countries;malnourished,False,False,5,7,"d1:R6,P3;d2:R2,P1;d4:R1,P3",,"1,6,7",2,
winter2023,2023,1,9,Katie Mulcahey was the only person fined for violating a short-lived 1908 New York City ordinance that prohibited women from smoking in public.,New York City's 1908 ban against women smoking in public was overturned shortly after Katie Mulcahey was fined for violating the law.,Katie Mulcahey was the first person – but not the last – to defy a New York City law that made it illegal for women to smoke in public.,"In 1908, Katie Mulcahey was fined for protesting against a New York City regulation barring women from smoking in public.","During the brief time that New York City banned women from smoking in public, just one person – Katie Mulcahey – was fined for breaking the law. )‫",4,23,28,1.22,2,False,False,6.3,0,0,1,0,4,3,violating;short-lived;ordinance,False,True,11,11,"d1:R3R9,P2;d2:R1R7,P2;d3:R7,P3",,"1,3,8",2,
winter2023,2023,1,10,"A sapphire rush in the late 1990s transformed the sleepy village of Ilakaka, Madagascar, into a boomtown.","The quiet village of Ilakaka became a thriving town in the late 1990s, when many people were drawn to the area by the discovery of sapphires.",The small town of Ilakaka has expanded greatly since becoming one of the world's main sources of sapphires in the late 1990s.,"A sapphire rush in Madagascar in the late 1990s led to the establishment of several villages and towns, including Ilakaka.","Once the mining of sapphires in Ilakaka came to an end in the late 1990s, the village's population declined drastically.",1,17,26,1.53,1,True,False,2.7,0,1,0,2,2,0,,False,False,3,5,"d2:R1R9,P2;d3:R6,P2;d4:R2R9,P1",,"1,4,6,9",1,
winter2023,2023,1,11,"In 1873, a custom-built gallery was created to house Michelangelo's David, which had stood outside until then.",Michelangelo's David was moved indoors to a gallery constructed especially for it in 1873.,The indoor gallery that now houses Michelangelo's David dates back to 1873.,"Michelangelo's David, originally intended to stand outside, was moved indoors in 1873.","Until 1873, Michelangelo's David was exhibited outside the gallery in which it is currently displayed.",1,17,14,0.82,2,False,False,1.7,1,0,0,2,2,1,custom-built,False,False,3,6,"d2:R5,P2;d3:R3,P3;d4:R7,P3",,"2,4,6",2,
winter2023,2023,1,12,"Pummeled by more than its share of natural disasters, Japan has time and again demonstrated resilience in the face of adversity.",Japan has repeatedly overcome hardships caused by the devastating natural disasters to which it is prone.,Japan's expertise in managing the destruction resulting from natural disasters has been hard earned.,"Though the country is plagued by natural disasters, Japan's infrastructure remains robust.",Japan's capacity to rebound from catastrophe has decreased with each successive natural disaster. )‫,1,21,16,0.76,1,True,False,2.7,0,0,1,1,1,3,disasters;resilience;adversity,False,True,3,3,"d2:R7,P2;d3:R7,P2;d4:R2,P1",,"1,3,6",2,
winter2023,2023,2,9,"The codex, the earliest manifestation of the modern book, gained prevalence between the third and eighth centuries C.E.","Sometime between the third and eighth centuries C.E., the codex evolved into the book as it is known today.","The first form of the modern book was the codex, which came into widespread use between the third and eighth centuries C.E.","The codex, the main type of text from the third to the eighth centuries C.E., fell out of use after the modern book emerged.",Two types of documents widely used between the third and eighth centuries C.E. were the codex and the book.,2,18,22,1.22,2,False,False,2.7,0,0,0,2,1,3,manifestation;prevalence;centuries,False,True,7,7,"d1:R7R9,P2;d3:R2R3,P2;d4:R6,P1",,"1,3,6",1,
winter2023,2023,2,10,"It has been found that when a speech is broken up by disfluencies – sounds such as ""um"" and ""ah"" – the audience is apt to recall more of what was said.","Speakers often say ""um"" and ""ah"" when they have forgotten what they were planning to say.","People are likely to remember a speech better if the speaker sometimes says ""um"" and ""ah"" between words.","An audience listening to a speech containing a lot of ""um""s and ""ah""s is likely to lose interest quickly.","By saying ""um"" and ""ah"", a speaker allows the audience to think about what was said.",2,32,18,0.56,2,False,False,1.7,1,1,0,0,0,1,disfluencies,False,False,1,3,"d1:R6,P1;d3:R2,P1;d4:R7,P2",,"1,5,6,7",3,
winter2023,2023,2,11,Pizza recipes were excluded from late 19th-century Italian cookbooks out of disdain for a dish associated with the working class.,"Once eaten mainly by working-class Italians, pizza became more popular after it was included in several late 19th-century cookbooks.","Although pizza was originally a simple dish prepared by busy, working-class Italians, more complicated variations of it were introduced in some late 19th- century cookbooks.","Pizza, a dish eaten mostly by the working class, was considered unworthy of being included in Italian cookbooks of the late 19th century.","Pizza, a food long popular with the working class, did not appear in Italian cookbooks until the late 19th century.",3,20,23,1.15,2,False,False,3.7,0,0,0,0,1,3,th-century;cookbooks;associated,False,False,7,7,"d1:R2,P1;d2:R2R3,P1;d4:R9R2,P3",,"2,3,6",1,
winter2023,2023,2,12,Few West European countries can claim France's linguistic diversity.,"Unlike some other West European countries, France has worked hard to preserve its linguistic traditions.",French is the second language of many West European countries.,French has been deeply influenced by the languages of other West European countries.,More languages are spoken in France than in most other West European countries. )‫,4,9,14,1.56,2,False,False,4.0,0,0,1,0,3,2,countries;linguistic,False,False,3,4,"d1:R7,P1;d2:R6,P1;d3:R6,P1",,"6,8,9",1,
winter2024,2024,1,9,Gold is virtually indestructible.,Gold is extremely difficult to find.,Gold almost never loses its value.,Gold is the most desirable metal.,Gold is nearly impossible to destroy.,4,4,6,1.5,1,False,False,0.0,0,0,1,0,0,1,indestructible,False,False,1,1,"d1:R7,P2;d2:R7,P2;d3:R7R1,P1",,"1,6",1,
winter2024,2024,1,10,World War II provided tremendous impetus for U.S. industries.,World War II changed the infrastructure of U.S. industries.,World War II presented unique challenges to U.S. industries.,U.S. industries were adapted to meet the military's needs in World War II.,U.S. industries were significantly boosted by World War II.,4,9,9,1.0,2,False,False,1.3,0,0,1,0,3,1,industries,False,False,2,2,"d1:R7,P2;d2:R7,P2;d3:R3R7,P2",,"1,2,4,6",1,
winter2024,2024,1,11,British historian John Anthony Crook is of the opinion that the high repute of Roman emperor Marcus Aurelius is misplaced.,Crook has expressed contradictory views of Marcus Aurelius' role in history.,Crook argues that Marcus Aurelius is one of the most misunderstood individuals in history.,"According to Crook, Marcus Aurelius is not deserving of his renown.",Crook argues that Marcus Aurelius has not been given the attention fitting for a figure of his stature.,3,20,11,0.55,3,False,False,3.3,0,0,0,0,6,1,misplaced,False,False,3,4,"d1:R7,P1;d2:R7,P2;d4:R2,P3",,"1,6,7",2,
winter2024,2024,1,12,The Opium Wars were precipitated by China's efforts to suppress the opium trade.,The Opium Wars broke out as a result of China's efforts to regulate the opium trade.,"China emerged victorious from the Opium Wars, thereby securing its domination of the opium trade.",China's strict control of the opium trade was undermined by the Opium Wars.,China's attempts to halt the opium trade were the catalyst for the Opium Wars. )‫,4,13,15,1.15,2,False,False,2.3,0,0,0,0,3,1,precipitated,False,False,5,5,"d1:R1,P3;d2:R3R2,P1;d3:R2,P2",,"1,4,6,9",1,
winter2024,2024,2,9,"By 2000 B.C.E., Akkadian had largely supplanted Sumerian as the spoken language of southern Mesopotamia.","From 2000 B.C.E. onward, Akkadian was no longer spoken in southern Mesopotamia, having been replaced by Sumerian.","By 2000 B.C.E., the majority of people in southern Mesopotamia were speaking Akkadian rather than Sumerian.","By 2000 B.C.E., people in southern Mesopotamia were speaking Akkadian as well as Sumerian.","Until 2000 B.C.E., both Akkadian and Sumerian were the spoken languages of southern Mesopotamia.",2,15,16,1.07,2,False,False,1.7,0,1,0,1,4,1,supplanted,False,False,4,5,"d1:R6,P3;d3:R1,P2;d4:R9R1,P2",,"6,8,9",1,
winter2024,2024,2,10,Even the minority who regretted the demise of the Austro-Hungarian Empire realized it had been inevitable.,It is shocking that the collapse of the Austro-Hungarian Empire was brought about by such a small group of people.,A complex set of circumstances that no one could have predicted led to the demise of the Austro-Hungarian Empire.,The disintegration of the Austro-Hungarian Empire was so gradual that it had very little impact on most people's lives.,"The fall of the Austro-Hungarian Empire surprised no one, but only a few were displeased when it actually happened.",4,16,19,1.19,2,False,False,0.3,0,2,0,0,2,1,regretted,False,False,2,3,"d1:R6,P1;d2:R2,P2;d3:R3R7,P1",,"3,6,7,8",3,
winter2024,2024,2,11,The 2020 Mastercard Index of Women Entrepreneurs ranked Ghana as a global leader in the advancement of women-owned businesses.,Ghana was listed in the 2020 Mastercard Index of Women Entrepreneurs as one of the countries most supportive of women-owned businesses.,"According to the 2020 Mastercard Index of Women Entrepreneurs, companies owned by women are particularly successful in Ghana.","In Ghana, women have made impressive gains in every aspect of the business sector, according to the 2020 Mastercard Index of Women Entrepreneurs.",The 2020 Mastercard Index of Women Entrepreneurs recognized Ghana's efforts to eliminate discrimination against businesses owned by women.,1,19,21,1.11,2,False,False,2.7,0,0,0,0,5,3,advancement;women-owned;businesses,False,True,7,7,"d2:R6,P2;d3:R1R6,P2;d4:R7,P2",,"1,2,4,6",1,
winter2024,2024,2,12,Beware of all enterprises that require new clothes. (Henry David Thoreau),New clothes do not necessarily make a new man.,Promising enterprises usually involve risks.,Transforming one's appearance requires courage.,Undertakings that require one to change should be avoided. )‫,4,8,10,1.25,1,True,False,3.0,0,0,1,0,0,1,enterprises,True,True,2,2,"d1:R6,P1;d2:R7,P2;d3:R7,P1",,"1,2,6",2,
winter2025,2025,1,9,The pace of construction in Tokyo is dizzying.,Tokyo is one of the busiest cities in the world.,Tokyo is being built up extremely rapidly.,Tokyo is at the forefront of innovative construction techniques.,Tokyo is encouraging the development of new industries.,2,8,7,0.88,4,False,True,2.0,0,0,1,0,1,0,,False,False,1,2,"d1:R7,P2;d3:R7,P2;d4:R7R3,P1",,"2,6,9",1,
winter2025,2025,1,10,Age-related bias in the workplace is regrettably more prevalent than ever.,"Increasingly, employers are being pressured to hire people of all ages.","Unfortunately, the practice of discriminating against workers on the basis of age is more widespread than it once was.","Surprisingly, the most common form of prejudice in the workplace is age related.","As people age, they generally have more difficulty finding work.",2,11,19,1.73,1,True,False,4.3,0,1,0,0,0,3,age-related;regrettably;prevalent,False,True,2,2,"d1:R6,P2;d3:R7R1,P2;d4:R5,P2",,"1,6,9",1,
winter2025,2025,1,11,Noah Webster's widely lauded American English dictionaries represent but a fraction of his scholarly corpus.,Webster's groundbreaking American English dictionaries were but the first in a long line of highly regarded scholarly works.,Webster had a vast number of other scholarly accomplishments to his name besides his celebrated American English dictionaries.,The impact of Webster's American English dictionaries was overshadowed by his far-reaching influence in other scholarly fields.,"Faced with the immense task of preparing his American English dictionaries, Webster was compelled to set aside his many other scholarly projects.",2,15,18,1.2,2,False,False,2.3,1,0,0,0,3,2,dictionaries;represent,False,False,4,5,"d1:R9,P3;d3:R1,P2;d4:R2,P2",,"1,6,8",1,
winter2025,2025,1,12,"Having joined NATO in March 2004, the Baltic states promptly acceded to the European Union (EU), a sequence of events that infuriated Russian President Vladimir Putin.","The Baltic states' relationship with Putin, already strained when they joined the EU, completely collapsed when they applied to NATO in 2004.","The Baltic states were hesitant to become part of NATO and the EU in 2004, knowing that this would provoke Putin.","In defiance of Putin's protestations, the Baltic states initiated membership negotiations with the EU shortly after they had been accepted into NATO in 2004.",Putin was outraged when the Baltic states were admitted to the EU on the heels of becoming members of NATO in 2004. )‫,4,26,23,0.88,2,False,False,2.0,0,1,0,2,10,1,infuriated,False,False,4,5,"d1:R9,P2;d2:R3,P1;d3:R7R3,P2",,"1,3,4,6",3,
winter2025,2025,2,9,"Archaeologists unearthed a trove of 4,600-year-old Egyptian papyri in 2013.","A collection of valuable Egyptian papyri from 4,600 years ago was discovered by archaeologists in 2013.","Archaeologists have confirmed that the well-preserved papyri found in Egypt in 2013 are 4,600 years old.","In 2013, archaeologists finally succeeded in interpreting several 4,600-year-old Egyptian papyri.","Archaeologists have determined that the 4,600-year-old papyri unearthed in 2013 originated in Egypt.",1,10,16,1.6,1,False,False,4.0,0,0,0,1,1,3,archaeologists;unearthed;-year-old,False,False,3,4,"d2:R6,P2;d3:R7,P2;d4:R6,P2",,"1,2,6",1,
winter2025,2025,2,10,Idleness is not always indicative of apathy.,Inaction is not necessarily a sign of indifference.,Indecisiveness should not be mistaken for incompetence.,Timidness is no excuse for laziness.,Being inconsiderate is never justifiable.,1,7,8,1.14,1,True,False,2.0,0,0,1,0,0,1,indicative,False,False,0,0,"d2:R7,P2;d3:R7,P1;d4:R7R1,P1",,"1,8",1,
winter2025,2025,2,11,The contentious debate over genetic engineering is fueled by irreconcilable perspectives on its potential uses and abuses.,The principles and practices of genetic engineering are constantly being refined in response to objections to this revolutionary technology.,Opinions on how best to exploit the capabilities of genetic engineering range from the conservative to the radical.,Mutually exclusive viewpoints on the advantages and dangers of genetic engineering have given rise to heated disagreement.,"Thanks to a relentless public relations campaign, former detractors of genetic engineering are gradually becoming advocates.",3,17,17,1.0,3,False,False,2.0,0,0,1,0,0,1,irreconcilable,False,False,2,2,"d1:R3R7,P1;d2:R5R7,P2;d4:R2,P1",,"1,4,6,9",1,
winter2025,2025,2,12,Early Mesoamerican villages appear to have been politically autonomous and to have had an egalitarian social order.,"It is believed that in early Mesoamerican villages, positions of authority were reserved for those of high social standing.",The political and social hierarchy of early Mesoamerican villages was apparently quite rigid.,The claim that early Mesoamerican villages had highly complex political and social systems has not been substantiated.,There is some evidence that early Mesoamerican villages were characterized by social equality and self-governance. )‫,4,17,16,0.94,3,False,False,4.3,0,0,0,0,1,3,politically;autonomous;egalitarian,False,False,4,5,"d1:R2,P2;d2:R2,P2;d3:R7R2,P2",,"1,3,6,9",1,
