rank,word,lemma,band,zipf,sc_option_exams,was_the_correct_answer_in,restatement_exams,exams_any_role,total_occurrences,weighted_score
1,resent,resent,off~C2,3.38,5,0,0,6,6,26
2,thaw,thaw,off~C2,3.18,5,1,0,5,5,25
3,prone,prone,off~C1+,3.93,4,4,2,7,7,28
4,persuasive,persuasive,off~C2,3.41,4,0,2,7,7,28
5,intimidate,intimidate,off~C2,3.44,4,0,1,6,6,24
6,smuggle,smuggle,off~C2,3.22,4,0,0,6,6,22
7,haul,haul,off~C1+,3.88,4,0,0,5,5,21
8,digest,digest,off~C1+,3.71,4,0,0,5,5,21
9,liberate,liberate,off~C1+,3.53,4,1,0,5,5,21
10,chant,chant,off~C1+,3.6,4,0,0,4,4,20
11,duplicate,duplicate,off~C1+,3.59,4,0,0,4,4,20
12,hurdle,hurdle,off~C1+,3.54,4,0,0,4,4,20
13,reconcile,reconcile,off~C2,3.5,4,0,0,4,4,20
14,aptitude,aptitude,off~C2,3.2,4,1,0,4,4,20
15,abbreviate,abbreviate,off~C2,3.19,4,1,0,4,4,20
16,embellish,embellish,off~C2,3.09,4,0,0,4,4,20
17,navigate,navigate,off~C1+,3.68,3,0,0,8,10,25
18,pigment,pigment,off~C2,3.37,3,1,2,6,13,25
19,obsolete,obsolete,off~C1+,3.65,3,1,1,8,9,24
20,overthrow,overthrow,off~C1+,3.61,3,0,2,5,6,23
21,enchant,enchant,off~C2,3.44,3,0,2,5,6,22
22,scroll,scroll,off~C1+,3.86,3,0,2,4,7,21
23,futile,futile,off~C2,3.39,3,0,2,5,5,21
24,hatch,hatch,off~C1+,3.82,3,0,0,4,6,19
25,adorn,adorn,off~C2,3.37,3,1,0,7,7,19
26,clan,clan,off~C1+,3.97,3,0,0,4,19,18
27,expel,expel,off~C1+,3.7,3,0,1,4,4,18
28,redeem,redeem,off~C1+,3.53,3,0,1,3,4,18
29,enlighten,enlighten,off~C2,3.49,3,0,1,4,4,18
30,flatter,flatter,off~C2,3.46,3,0,1,4,4,18
31,abbreviation,abbreviation,off~C2,3.14,3,1,0,5,5,18
32,graceful,graceful,off~C2,3.39,3,1,0,4,4,17
33,perish,perish,off~C2,3.32,3,0,0,4,4,17
34,sanctuary,sanctuary,off~C1+,3.93,3,2,0,4,4,16
35,tilt,tilt,off~C1+,3.66,3,0,0,4,4,16
36,pillar,pillar,off~C1+,3.64,3,0,0,4,4,16
37,scarce,scarce,off~C1+,3.61,3,2,0,4,4,16
38,captivity,captivity,off~C1+,3.56,3,2,0,4,4,16
39,fugitive,fugitive,off~C1+,3.54,3,0,0,4,4,16
40,solitude,solitude,off~C2,3.42,3,0,0,4,4,16
41,hinder,hinder,off~C2,3.39,3,2,0,4,4,16
42,deceive,deceive,off~C2,3.39,3,0,0,4,4,16
43,omen,omen,off~C2,3.12,3,0,0,4,4,16
44,magnify,magnify,off~C2,3.0,3,0,0,4,4,16
45,mock,mock,off~C1+,3.85,3,1,0,3,3,15
46,disgrace,disgrace,off~C1+,3.73,3,0,0,3,3,15
47,blaze,blaze,off~C1+,3.69,3,1,0,3,3,15
48,salvage,salvage,off~C1+,3.65,3,2,0,3,3,15
49,damp,damp,off~C1+,3.62,3,0,0,3,3,15
50,swiftly,swiftly,off~C1+,3.54,3,1,0,3,3,15
51,fluent,fluent,off~C1+,3.52,3,1,0,3,3,15
52,subordinate,subordinate,off~C2,3.45,3,0,0,3,3,15
53,regal,regal,off~C2,3.34,3,0,0,3,3,15
54,deceptive,deceptive,off~C2,3.34,3,0,0,3,3,15
55,persuasion,persuasion,off~C2,3.33,3,0,0,3,3,15
56,crease,crease,off~C2,3.31,3,0,0,3,3,15
57,adversary,adversary,off~C2,3.29,3,0,0,3,3,15
58,recite,recite,off~C2,3.28,3,0,0,3,4,15
59,infidelity,infidelity,off~C2,3.26,3,0,0,3,3,15
60,ascend,ascend,off~C2,3.24,3,1,0,3,3,15
61,superstition,superstition,off~C2,3.21,3,0,0,3,3,15
62,obedient,obedient,off~C2,3.19,3,0,0,3,3,15
63,interrogate,interrogate,off~C2,3.18,3,0,0,3,3,15
64,blunder,blunder,off~C2,3.13,3,0,0,3,3,15
65,overrule,overrule,off~C2,3.12,3,0,0,3,3,15
66,dispense,dispense,off~C2,3.11,3,1,0,3,3,15
67,loathe,loathe,off~C2,3.11,3,0,0,3,3,15
68,reimburse,reimburse,off~C2,3.06,3,0,0,3,3,15
69,sift,sift,off~C2,3.02,3,0,0,3,3,15
70,affluence,affluence,off~C2,2.74,3,1,0,3,3,15
71,admonish,admonish,off~C2,2.66,3,0,0,3,3,15
72,refute,refute,off~C2,3.14,2,2,6,8,9,30
73,imitate,imitate,off~C2,3.29,2,1,4,9,9,26
74,emit,emit,off~C2,3.32,2,2,1,8,10,21
75,fulfill,fulfill,off~C1+,3.86,2,1,2,8,8,20
76,longevity,longevity,off~C1+,3.55,2,0,2,5,7,20
77,odor,odor,off~C2,3.49,2,0,1,7,8,20
78,staple,staple,off~C1+,3.68,2,1,0,7,9,19
79,abundant,abundant,off~C1+,3.77,2,1,2,6,6,18
80,prevalent,prevalent,off~C1+,3.78,2,0,2,5,5,17
81,conquest,conquest,off~C1+,3.77,2,0,1,5,6,17
82,contaminate,contaminate,off~C1+,3.7,2,0,0,6,7,17
83,sew,sew,off~C1+,3.69,2,0,2,4,8,17
84,despair,despair,off~C1+,3.82,2,0,2,4,4,16
85,prolong,prolong,off~C1+,3.81,2,0,1,5,5,16
86,edible,edible,off~C1+,3.63,2,2,2,3,4,16
87,riddle,riddle,off~C2,3.44,2,0,1,4,5,16
88,emulate,emulate,off~C2,3.41,2,1,2,4,4,16
89,intruder,intruder,off~C2,3.37,2,1,2,3,4,16
90,edict,edict,off~C2,3.1,2,0,2,3,4,16
91,illiteracy,illiteracy,off~C2,2.86,2,2,2,3,7,16
92,esteem,esteem,off~C1+,3.9,2,0,1,5,5,15
93,plague,plague,off~C1+,3.89,2,2,1,4,4,15
94,fortress,fortress,off~C1+,3.77,2,1,0,5,5,15
95,monarchy,monarchy,off~C1+,3.67,2,1,1,5,5,15
96,imitation,imitation,off~C2,3.47,2,0,1,5,6,15
97,inhale,inhale,off~C2,3.25,2,1,0,4,6,15
98,impulse,impulse,off~C1+,3.72,2,0,0,5,5,14
99,mutually,mutually,off~C1+,3.68,2,0,1,4,4,14
100,omit,omit,off~C1+,3.53,2,1,1,4,4,14
101,recognizable,recognizable,off~C2,3.45,2,1,1,4,4,14
102,convene,convene,off~C2,3.4,2,1,0,4,5,14
103,plentiful,plentiful,off~C2,3.36,2,2,0,4,4,14
104,continuously,continuously,off~C1+,3.97,2,1,1,3,3,13
105,crane,crane,off~C1+,3.92,2,0,0,3,4,13
106,tangible,tangible,off~C1+,3.66,2,1,0,4,4,13
107,pedal,pedal,off~C1+,3.64,2,0,0,3,5,13
108,dim,dim,off~C1+,3.62,2,0,0,3,4,13
109,resentment,resentment,off~C1+,3.61,2,0,1,3,3,13
110,resemblance,resemblance,off~C1+,3.59,2,2,0,3,4,13
111,fragrance,fragrance,off~C1+,3.53,2,0,1,3,3,13
112,defiance,defiance,off~C2,3.48,2,0,1,3,3,13
113,revolve,revolve,off~C2,3.41,2,0,0,3,4,13
114,hallmark,hallmark,off~C2,3.37,2,0,1,3,3,13
115,reinstate,reinstate,off~C2,3.35,2,1,1,3,3,13
116,pious,pious,off~C2,3.31,2,0,1,3,3,13
117,narrate,narrate,off~C2,3.29,2,0,1,3,3,13
118,portable,portable,off~C1+,3.97,2,0,0,4,4,12
119,siege,siege,off~C1+,3.93,2,1,0,3,3,12
120,wardrobe,wardrobe,off~C1+,3.8,2,0,0,3,3,12
121,tolerant,tolerant,off~C1+,3.58,2,0,0,3,3,12
122,orchard,orchard,off~C1+,3.57,2,0,0,3,3,12
123,commemorate,commemorate,off~C2,3.49,2,2,0,4,4,12
124,elusive,elusive,off~C2,3.47,2,2,0,4,4,12
125,ignite,ignite,off~C2,3.35,2,0,0,3,3,12
126,upheaval,upheaval,off~C2,3.13,2,0,0,4,4,12
127,fluctuate,fluctuate,off~C2,3.0,2,0,0,3,3,12
128,collectively,collectively,off~C1+,3.82,2,1,0,3,3,11
129,quiz,quiz,off~C1+,3.82,2,0,0,3,3,11
130,enclose,enclose,off~C1+,3.74,2,0,0,3,3,11
131,attire,attire,off~C2,3.49,2,1,0,3,3,11
132,peg,peg,off~C2,3.49,2,0,0,3,5,11
133,contraction,contraction,off~C2,3.46,2,0,0,3,3,11
134,artificially,artificially,off~C2,3.44,2,0,0,3,3,11
135,tremble,tremble,off~C2,3.27,2,0,0,3,3,11
136,envious,envious,off~C2,3.22,2,0,0,3,3,11
137,synonym,synonym,off~C2,3.21,2,1,0,3,3,11
138,clasp,clasp,off~C2,3.1,2,0,0,3,3,11
139,tense,tense,off~C1+,3.95,2,0,0,2,2,10
140,refund,refund,off~C1+,3.94,2,0,0,2,2,10
141,sober,sober,off~C1+,3.94,2,0,0,2,2,10
142,bundle,bundle,off~C1+,3.93,2,0,0,2,2,10
143,paste,paste,off~C1+,3.91,2,0,0,2,2,10
144,blunt,blunt,off~C1+,3.9,2,0,0,2,2,10
145,elevation,elevation,off~C1+,3.9,2,1,0,2,2,10
146,refresh,refresh,off~C1+,3.83,2,0,0,2,2,10
147,oversight,oversight,off~C1+,3.83,2,0,0,2,2,10
148,applause,applause,off~C1+,3.83,2,0,0,2,2,10
149,detach,detach,off~C1+,3.79,2,0,0,2,2,10
150,immortal,immortal,off~C1+,3.77,2,0,0,2,2,10
151,finite,finite,off~C1+,3.75,2,1,0,2,2,10
152,comfortably,comfortably,off~C1+,3.74,2,0,0,2,2,10
153,renovation,renovation,off~C1+,3.74,2,2,0,2,2,10
154,disguise,disguise,off~C1+,3.72,2,0,0,2,2,10
155,adore,adore,off~C1+,3.7,2,0,0,2,2,10
156,creed,creed,off~C1+,3.7,2,0,0,2,2,10
157,scenic,scenic,off~C1+,3.67,2,1,0,2,2,10
158,ripe,ripe,off~C1+,3.67,2,0,0,2,2,10
159,rash,rash,off~C1+,3.67,2,0,0,2,2,10
160,sip,sip,off~C1+,3.67,2,0,0,2,2,10
161,versatile,versatile,off~C1+,3.66,2,2,0,2,2,10
162,congestion,congestion,off~C1+,3.66,2,1,0,2,2,10
163,furnish,furnish,off~C1+,3.65,2,0,0,2,2,10
164,deposited,deposite,off~C1+,3.64,2,0,0,2,2,10
165,rift,rift,off~C1+,3.64,2,0,0,2,2,10
166,compress,compress,off~C1+,3.62,2,0,0,2,2,10
167,weary,weary,off~C1+,3.61,2,0,0,2,2,10
168,prolific,prolific,off~C1+,3.6,2,1,0,2,2,10
169,conveniently,conveniently,off~C1+,3.58,2,0,0,2,2,10
170,latitude,latitude,off~C1+,3.57,2,0,0,2,2,10
171,interrogation,interrogation,off~C1+,3.56,2,0,0,2,2,10
172,urgency,urgency,off~C1+,3.55,2,0,0,2,2,10
173,defer,defer,off~C1+,3.54,2,0,0,2,2,10
174,mitigate,mitigate,off~C1+,3.54,2,1,0,2,2,10
175,numb,numb,off~C1+,3.53,2,0,0,2,2,10
176,reap,reap,off~C1+,3.53,2,0,0,2,2,10
177,demolish,demolish,off~C1+,3.52,2,2,0,2,2,10
178,mediocre,mediocre,off~C1+,3.52,2,1,0,2,2,10
179,wholesome,wholesome,off~C1+,3.51,2,0,0,2,2,10
180,nuisance,nuisance,off~C2,3.5,2,1,0,2,2,10
181,illuminate,illuminate,off~C2,3.5,2,0,0,2,2,10
182,disperse,disperse,off~C2,3.5,2,0,0,2,2,10
183,trance,trance,off~C2,3.49,2,1,0,2,2,10
184,urgently,urgently,off~C2,3.48,2,0,0,2,2,10
185,rinse,rinse,off~C2,3.48,2,0,0,2,2,10
186,politely,politely,off~C2,3.47,2,0,0,2,2,10
187,martyr,martyr,off~C2,3.46,2,0,0,2,2,10
188,reclaim,reclaim,off~C2,3.44,2,1,0,2,2,10
189,proclamation,proclamation,off~C2,3.44,2,0,0,2,2,10
190,sterile,sterile,off~C2,3.43,2,1,0,2,2,10
191,stale,stale,off~C2,3.43,2,0,0,2,2,10
192,discreet,discreet,off~C2,3.43,2,0,0,2,2,10
193,proficiency,proficiency,off~C2,3.43,2,1,0,2,2,10
194,abduction,abduction,off~C2,3.43,2,0,0,2,2,10
195,facade,facade,off~C2,3.42,2,0,0,2,2,10
196,dormant,dormant,off~C2,3.41,2,0,0,2,2,10
197,condense,condense,off~C2,3.4,2,0,0,2,2,10
198,intimidation,intimidation,off~C2,3.39,2,0,0,2,2,10
199,banish,banish,off~C2,3.39,2,1,0,2,2,10
200,affluent,affluent,off~C2,3.37,2,0,0,2,2,10
201,conspicuous,conspicuous,off~C2,3.35,2,0,0,2,2,10
202,heresy,heresy,off~C2,3.35,2,0,0,2,2,10
203,ponder,ponder,off~C2,3.35,2,1,0,2,2,10
204,erratic,erratic,off~C2,3.34,2,1,0,2,2,10
205,fling,fling,off~C2,3.33,2,0,0,2,2,10
206,negligent,negligent,off~C2,3.33,2,0,0,2,2,10
207,vowel,vowel,off~C2,3.33,2,1,0,2,2,10
208,receptive,receptive,off~C2,3.32,2,0,0,2,2,10
209,relapse,relapse,off~C2,3.32,2,0,0,2,2,10
210,afflict,afflict,off~C2,3.29,2,0,0,2,2,10
211,predicament,predicament,off~C2,3.28,2,0,0,2,2,10
212,accomplice,accomplice,off~C2,3.22,2,0,0,2,2,10
213,accompaniment,accompaniment,off~C2,3.22,2,2,0,2,2,10
214,affirm,affirm,off~C2,3.2,2,0,0,2,2,10
215,detour,detour,off~C2,3.2,2,0,0,2,2,10
216,nutritious,nutritious,off~C2,3.18,2,1,0,2,2,10
217,deduct,deduct,off~C2,3.16,2,0,0,2,2,10
218,contemplation,contemplation,off~C2,3.15,2,0,0,2,2,10
219,tranquil,tranquil,off~C2,3.14,2,1,0,2,2,10
220,rebuke,rebuke,off~C2,3.1,2,0,0,2,2,10
221,gratify,gratify,off~C2,3.07,2,0,0,2,2,10
222,trample,trample,off~C2,3.07,2,0,0,2,2,10
223,assimilate,assimilate,off~C2,3.07,2,0,0,2,2,10
224,yawn,yawn,off~C2,3.07,2,0,0,2,2,10
225,observant,observant,off~C2,3.05,2,0,0,2,2,10
226,decadent,decadent,off~C2,3.04,2,0,0,2,2,10
227,legislate,legislate,off~C2,3.01,2,0,0,2,2,10
228,punctuate,punctuate,off~C2,2.98,2,0,0,2,2,10
229,resentful,resentful,off~C2,2.97,2,0,0,2,2,10
230,pounce,pounce,off~C2,2.97,2,0,0,2,2,10
231,taunt,taunt,off~C2,2.96,2,0,0,2,2,10
232,rehearse,rehearse,off~C2,2.94,2,0,0,2,2,10
233,congregate,congregate,off~C2,2.92,2,0,0,2,2,10
234,recline,recline,off~C2,2.91,2,0,0,2,2,10
235,reprimand,reprimand,off~C2,2.9,2,0,0,2,2,10
236,shrill,shrill,off~C2,2.88,2,0,0,2,2,10
237,innocently,innocently,off~C2,2.88,2,0,0,2,2,10
238,indignant,indignant,off~C2,2.86,2,0,0,2,2,10
239,legible,legible,off~C2,2.8,2,0,0,2,2,10
240,irate,irate,off~C2,2.78,2,0,0,2,2,10
241,pacify,pacify,off~C2,2.73,2,0,0,2,2,10
242,relent,relent,off~C2,2.71,2,1,0,2,2,10
243,omniscient,omniscient,off~C2,2.71,2,0,0,2,2,10
244,feign,feign,off~C2,2.65,2,1,0,2,2,10
245,jubilant,jubilant,off~C2,2.63,2,0,0,2,2,10
246,confidentially,confidentially,off~C2,2.61,2,0,0,2,2,10
247,inoffensive,inoffensive,off~C2,2.56,2,0,0,2,2,10
248,conditionally,conditionally,off~C2,2.52,2,0,0,2,2,10
249,reverent,reverent,off~C2,2.46,2,0,0,2,2,10
250,transgress,transgress,off~C2,2.34,2,0,0,2,2,10
251,enviously,enviously,off~C2,1.9,2,0,0,2,2,10
